<?xml version="1.0" encoding="UTF-8"?>
<!--

       Copyright 2009-2017 the original author or authors.

       Licensed under the Apache License, Version 2.0 (the "License");
       you may not use this file except in compliance with the License.
       You may obtain a copy of the License at

          http://www.apache.org/licenses/LICENSE-2.0

       Unless required by applicable law or agreed to in writing, software
       distributed under the License is distributed on an "AS IS" BASIS,
       WITHOUT WARRANTIES OR CONDITIONS OF ANY KIND, either express or implied.
       See the License for the specific language governing permissions and
       limitations under the License.

-->
<document xmlns="http://maven.apache.org/XDOC/2.0" xmlns:xsi="http://www.w3.org/2001/XMLSchema-instance"
  xsi:schemaLocation="http://maven.apache.org/XDOC/2.0 http://maven.apache.org/xsd/xdoc-2.0.xsd">

  <properties>
    <title>MyBatis 3 | 简介</title>
    <author email="clinton.begin@gmail.com">Clinton Begin</author>
    <author email="nanlei1987@gmail.com">Nan Lei</author>
    <author email="echowdx@gmail.com">Dongxu Wang</author>
  </properties>

  <body>
    <section name="简介">
      <subsection name="什么是 MyBatis ？">
        <p>MyBatis 是一款优秀的持久层框架，它支持定制化 SQL、存储过程以及高级映射。MyBatis 避免了几乎所有的 JDBC 代码和手动设置参数以及获取结果集。MyBatis 可以使用简单的 XML 或注解来配置和映射原生信息，将接口和 Java 的 POJOs(Plain Old Java Objects,普通的 Java对象)映射成数据库中的记录。</p>
      </subsection>

      <subsection name="帮助改进文档...">
        <p>不管你以何种方式发现了文档的不足，或是丢失对某一特性的描述，那么你能做的最好的事情莫过于去研究它并把文档写出来。</p>
        <p>该文档 xdoc 格式的源码文件可通过<a href="https://github.com/mybatis/mybatis-3/tree/master/src/site">项目的 Git 代码库</a>来获取。Fork 该源码库，做出更新，然后提交一个 pull request 吧。</p>
        <p>你将成为本文档的最佳作者，MyBatis 的用户定会过来查阅的。
        </p>
      </subsection>

      <subsection name="当前的国际化版本">
        <p>MyBatis 的其他语言版本：</p>
        <ul class="i18n">
          <li class="en"><a href="../index.html">English</a></li>
          <li class="es"><a href="../es/index.html">Español</a></li>
          <!--      <li class="fr"><a href="./fr/index.html">Français</a></li> -->
          <li class="ja"><a href="../ja/index.html">日本語</a></li>
          <li class="ko"><a href="../ko/index.html">한국어</a></li>
          <li class="zh"><a href="./getting-started.html">简体中文</a></li>
        </ul>
        <p>你想使用本地语言来了解MyBatis吗？那就将它翻译成你的母语并提供给我们吧！</p>
      </subsection>
    </section>
  </body>

</document>
